token,tp_cases,fp_cases,fn_cases,total_cases,precision,recall,f1-score
healthy,1,0,0,1,1.0,1.0,1.0
divided,0,0,1,1,#Div0,0.0,#Div0
overpushed,0,0,1,1,#Div0,0.0,#Div0
successfull,0,2,0,2,0.0,#Div0,#Div0
price,0,0,1,1,#Div0,0.0,#Div0
avoided,0,0,1,1,#Div0,0.0,#Div0
bright,0,1,1,2,0.0,0.0,#Div0
electricity-lowered,0,0,0,1,#Div0,#Div0,#Div0
mental,0,2,0,4,0.0,#Div0,#Div0
pop,0,0,1,1,#Div0,0.0,#Div0
goal,0,0,2,2,#Div0,0.0,#Div0
enemys,0,0,1,1,#Div0,0.0,#Div0
curly,0,0,0,1,#Div0,#Div0,#Div0
restrictions,0,0,2,2,#Div0,0.0,#Div0
strange,0,3,0,3,0.0,#Div0,#Div0
fat,0,1,0,1,0.0,#Div0,#Div0
English,0,0,0,1,#Div0,#Div0,#Div0
find,0,0,6,6,#Div0,0.0,#Div0
sign,0,0,2,2,#Div0,0.0,#Div0
avaliable,0,1,0,1,0.0,#Div0,#Div0
selling,0,0,1,1,#Div0,0.0,#Div0
international,0,1,0,1,0.0,#Div0,#Div0
approaching,0,0,1,1,#Div0,0.0,#Div0
cheap,1,3,0,4,0.25,1.0,0.4
fast,0,2,1,3,0.0,0.0,#Div0
monthly,0,0,0,1,#Div0,#Div0,#Div0
technological,0,4,0,4,0.0,#Div0,#Div0
deeply,0,0,2,2,#Div0,0.0,#Div0
horizontal,0,0,5,5,#Div0,0.0,#Div0
majority,0,0,1,1,#Div0,0.0,#Div0
made,0,0,1,1,#Div0,0.0,#Div0
lose,0,0,4,4,#Div0,0.0,#Div0
with,0,0,2,2,#Div0,0.0,#Div0
limits,0,0,2,2,#Div0,0.0,#Div0
shift,0,0,1,1,#Div0,0.0,#Div0
underlined,0,0,1,1,#Div0,0.0,#Div0
channels,0,0,1,1,#Div0,0.0,#Div0
chase,0,0,1,1,#Div0,0.0,#Div0
flexible,1,0,2,3,1.0,0.3333333333333333,0.5
beleive,0,1,0,1,0.0,#Div0,#Div0
left,0,0,1,1,#Div0,0.0,#Div0
many,0,180,0,199,0.0,#Div0,#Div0
behind,0,0,2,2,#Div0,0.0,#Div0
case,0,0,1,1,#Div0,0.0,#Div0
direction,0,0,1,1,#Div0,0.0,#Div0
secure,0,0,1,1,#Div0,0.0,#Div0
sharp,1,0,0,1,1.0,1.0,1.0
cheating,0,0,2,2,#Div0,0.0,#Div0
ultimate,0,1,0,1,0.0,#Div0,#Div0
earned,0,0,1,1,#Div0,0.0,#Div0
population,0,0,1,1,#Div0,0.0,#Div0
Cambodian,0,1,0,1,0.0,#Div0,#Div0
shier,0,0,1,1,#Div0,0.0,#Div0
collected,0,0,1,1,#Div0,0.0,#Div0
closed,0,0,1,1,#Div0,0.0,#Div0
stuffed,0,0,1,1,#Div0,0.0,#Div0
waste,0,0,2,2,#Div0,0.0,#Div0
running,0,0,2,2,#Div0,0.0,#Div0
higher,0,0,3,3,#Div0,0.0,#Div0
upon,0,0,1,1,#Div0,0.0,#Div0
future,0,6,0,7,0.0,#Div0,#Div0
ethical,0,2,0,2,0.0,#Div0,#Div0
comfortable,2,2,4,8,0.5,0.3333333333333333,0.4
beyond,0,0,1,1,#Div0,0.0,#Div0
battles,0,0,1,1,#Div0,0.0,#Div0
vibrant,0,0,1,1,#Div0,0.0,#Div0
settle,0,0,1,1,#Div0,0.0,#Div0
Excellent,0,1,0,1,0.0,#Div0,#Div0
kings,0,0,1,1,#Div0,0.0,#Div0
total,0,2,0,3,0.0,#Div0,#Div0
Japanese,0,5,0,8,0.0,#Div0,#Div0
straight,0,0,1,1,#Div0,0.0,#Div0
extract,0,0,1,1,#Div0,0.0,#Div0
touched,0,0,2,2,#Div0,0.0,#Div0
matured,0,1,0,1,0.0,#Div0,#Div0
emerge,0,0,1,1,#Div0,0.0,#Div0
bad,0,8,0,12,0.0,#Div0,#Div0
little,1,13,0,17,0.07142857142857142,1.0,0.13333333333333333
held,0,0,1,1,#Div0,0.0,#Div0
village,0,0,1,1,#Div0,0.0,#Div0
amazing,0,1,0,1,0.0,#Div0,#Div0
get,0,0,8,8,#Div0,0.0,#Div0
romantic,0,1,0,1,0.0,#Div0,#Div0
suit,0,0,1,1,#Div0,0.0,#Div0
unnatural,0,1,0,1,0.0,#Div0,#Div0
lovely,0,1,0,1,0.0,#Div0,#Div0
reaching,0,0,3,3,#Div0,0.0,#Div0
happy,0,2,0,2,0.0,#Div0,#Div0
deep-snow,0,0,0,1,#Div0,#Div0,#Div0
experiment,0,0,2,2,#Div0,0.0,#Div0
built,0,0,2,2,#Div0,0.0,#Div0
demands,0,0,1,1,#Div0,0.0,#Div0
upper,0,1,0,1,0.0,#Div0,#Div0
African,0,0,0,1,#Div0,#Div0,#Div0
true,0,4,0,5,0.0,#Div0,#Div0
think,0,1,0,1,0.0,#Div0,#Div0
untrue,0,1,0,1,0.0,#Div0,#Div0
episodes,0,0,1,1,#Div0,0.0,#Div0
fantastic,1,1,0,2,0.5,1.0,0.6666666666666666
intense,1,0,0,1,1.0,1.0,1.0
Theoretical,0,0,0,1,#Div0,#Div0,#Div0
security,0,0,1,1,#Div0,0.0,#Div0
supporting,0,0,1,1,#Div0,0.0,#Div0
asking,0,0,1,1,#Div0,0.0,#Div0
preserving,0,0,1,1,#Div0,0.0,#Div0
frequent,0,1,0,1,0.0,#Div0,#Div0
thorough,0,0,0,1,#Div0,#Div0,#Div0
simulate,0,0,0,1,#Div0,#Div0,#Div0
entered,0,0,1,1,#Div0,0.0,#Div0
basing,0,0,1,1,#Div0,0.0,#Div0
tones,0,0,1,1,#Div0,0.0,#Div0
defended,0,0,1,1,#Div0,0.0,#Div0
respect,0,0,1,1,#Div0,0.0,#Div0
American,0,1,0,1,0.0,#Div0,#Div0
hundred,0,0,1,1,#Div0,0.0,#Div0
elderly,0,1,0,1,0.0,#Div0,#Div0
hard,1,9,0,11,0.1,1.0,0.18181818181818182
eaten,0,0,1,1,#Div0,0.0,#Div0
laptop,0,0,0,1,#Div0,#Div0,#Div0
populated,0,1,0,1,0.0,#Div0,#Div0
personnal,0,0,0,1,#Div0,#Div0,#Div0
attract,1,0,2,3,1.0,0.3333333333333333,0.5
promote,0,0,1,1,#Div0,0.0,#Div0
wealthy,0,1,0,1,0.0,#Div0,#Div0
aobut,0,1,0,1,0.0,#Div0,#Div0
encounter,0,0,1,1,#Div0,0.0,#Div0
Asian,0,1,0,1,0.0,#Div0,#Div0
basis,0,0,1,1,#Div0,0.0,#Div0
creative,0,1,0,3,0.0,#Div0,#Div0
difficult,1,4,0,5,0.2,1.0,0.33333333333333337
potential,0,1,0,1,0.0,#Div0,#Div0
summary,0,1,0,1,0.0,#Div0,#Div0
scratch,0,0,1,1,#Div0,0.0,#Div0
white,0,1,0,1,0.0,#Div0,#Div0
broader,0,0,4,4,#Div0,0.0,#Div0
obvious,0,2,0,2,0.0,#Div0,#Div0
task,0,0,1,1,#Div0,0.0,#Div0
loosing,0,0,1,1,#Div0,0.0,#Div0
likely,0,1,0,1,0.0,#Div0,#Div0
fields,0,0,1,1,#Div0,0.0,#Div0
american,0,1,0,1,0.0,#Div0,#Div0
eloquent,1,0,0,1,1.0,1.0,1.0
along,0,1,0,1,0.0,#Div0,#Div0
glass-making,0,1,0,1,0.0,#Div0,#Div0
a,0,0,6,6,#Div0,0.0,#Div0
compete,0,0,1,1,#Div0,0.0,#Div0
worldwide-best-seller,0,1,0,1,0.0,#Div0,#Div0
slower,0,0,1,1,#Div0,0.0,#Div0
growing,0,0,5,5,#Div0,0.0,#Div0
connections,0,0,1,1,#Div0,0.0,#Div0
rapid,0,1,0,1,0.0,#Div0,#Div0
proportioned,0,0,1,1,#Div0,0.0,#Div0
contributing,0,0,1,1,#Div0,0.0,#Div0
ll,0,1,0,1,0.0,#Div0,#Div0
wasted,0,0,1,1,#Div0,0.0,#Div0
passions,0,0,1,1,#Div0,0.0,#Div0
tomorrow,0,0,1,1,#Div0,0.0,#Div0
behavior,0,1,0,1,0.0,#Div0,#Div0
visualize,0,0,1,1,#Div0,0.0,#Div0
weak,0,0,2,2,#Div0,0.0,#Div0
overwhelm,0,0,1,1,#Div0,0.0,#Div0
academic,0,40,0,42,0.0,#Div0,#Div0
loses,0,0,1,1,#Div0,0.0,#Div0
rely,0,0,2,2,#Div0,0.0,#Div0
efficient,0,0,0,1,#Div0,#Div0,#Div0
moved,0,0,2,2,#Div0,0.0,#Div0
geographic,0,1,0,1,0.0,#Div0,#Div0
attribute,0,0,1,1,#Div0,0.0,#Div0
unreal,0,0,1,1,#Div0,0.0,#Div0
version,0,0,2,2,#Div0,0.0,#Div0
positoin,0,0,1,1,#Div0,0.0,#Div0
actractivity,0,0,1,1,#Div0,0.0,#Div0
Direct,0,1,0,1,0.0,#Div0,#Div0
gifted,0,0,1,1,#Div0,0.0,#Div0
down,0,0,1,1,#Div0,0.0,#Div0
catholic,0,1,0,2,0.0,#Div0,#Div0
incredible,0,3,0,3,0.0,#Div0,#Div0
unexpected,0,1,0,1,0.0,#Div0,#Div0
experienced,0,2,0,2,0.0,#Div0,#Div0
dicover,0,0,1,1,#Div0,0.0,#Div0
pampered,1,0,0,1,1.0,1.0,1.0
several,0,7,0,17,0.0,#Div0,#Div0
legacy,0,0,1,1,#Div0,0.0,#Div0
world,0,0,6,6,#Div0,0.0,#Div0
modern,0,6,0,7,0.0,#Div0,#Div0
Italian,0,2,0,2,0.0,#Div0,#Div0
basic,2,2,2,8,0.5,0.5,0.5
provided,0,1,0,1,0.0,#Div0,#Div0
Inter,0,1,0,1,0.0,#Div0,#Div0
shows,0,0,2,2,#Div0,0.0,#Div0
shine,0,0,1,1,#Div0,0.0,#Div0
advantage,0,0,1,1,#Div0,0.0,#Div0
dangerous,0,0,4,4,#Div0,0.0,#Div0
exploring,0,0,1,1,#Div0,0.0,#Div0
second,0,1,2,10,0.0,0.0,#Div0
European,0,2,0,3,0.0,#Div0,#Div0
cutting-edge,0,0,1,1,#Div0,0.0,#Div0
remain,0,0,1,1,#Div0,0.0,#Div0
by,0,0,1,1,#Div0,0.0,#Div0
pick,0,0,1,1,#Div0,0.0,#Div0
stronger,0,0,2,2,#Div0,0.0,#Div0
connection,0,0,1,1,#Div0,0.0,#Div0
background,0,0,3,3,#Div0,0.0,#Div0
poor,0,8,0,8,0.0,#Div0,#Div0
obstacles,0,0,1,1,#Div0,0.0,#Div0
promoting,0,0,1,1,#Div0,0.0,#Div0
Last,0,2,0,2,0.0,#Div0,#Div0
oun,0,0,0,1,#Div0,#Div0,#Div0
know,0,1,0,1,0.0,#Div0,#Div0
suffer,0,0,1,1,#Div0,0.0,#Div0
in,0,0,13,13,#Div0,0.0,#Div0
loss,0,0,2,2,#Div0,0.0,#Div0
regular,0,2,0,2,0.0,#Div0,#Div0
valued,0,0,1,1,#Div0,0.0,#Div0
twelve-hour,0,0,0,2,#Div0,#Div0,#Div0
daily,0,4,0,5,0.0,#Div0,#Div0
protect,0,0,1,1,#Div0,0.0,#Div0
consequences,0,0,1,1,#Div0,0.0,#Div0
resist,0,0,1,1,#Div0,0.0,#Div0
unfamiliar,0,1,0,1,0.0,#Div0,#Div0
more,0,0,2,2,#Div0,0.0,#Div0
foreing,0,0,0,1,#Div0,#Div0,#Div0
fig-plastic,0,1,0,1,0.0,#Div0,#Div0
friendly,0,0,1,1,#Div0,0.0,#Div0
mere,0,1,0,1,0.0,#Div0,#Div0
tolerance,0,0,1,1,#Div0,0.0,#Div0
surround,0,0,1,1,#Div0,0.0,#Div0
fellow,0,1,0,1,0.0,#Div0,#Div0
elements,0,0,1,1,#Div0,0.0,#Div0
such,0,14,0,14,0.0,#Div0,#Div0
authentic,0,1,0,1,0.0,#Div0,#Div0
fully,0,0,4,4,#Div0,0.0,#Div0
positive,0,4,0,5,0.0,#Div0,#Div0
picturelize,0,0,1,1,#Div0,0.0,#Div0
inside,0,0,2,2,#Div0,0.0,#Div0
helpful,0,0,0,1,#Div0,#Div0,#Div0
multiple,0,0,0,1,#Div0,#Div0,#Div0
key,0,0,3,3,#Div0,0.0,#Div0
nan,0,0,686,686,#Div0,0.0,#Div0
end,0,0,1,1,#Div0,0.0,#Div0
line,0,0,1,1,#Div0,0.0,#Div0
rich,0,3,2,5,0.0,0.0,#Div0
shiny,0,1,1,2,0.0,0.0,#Div0
estimated,0,1,0,1,0.0,#Div0,#Div0
changed,0,0,1,1,#Div0,0.0,#Div0
valid,0,1,0,1,0.0,#Div0,#Div0
stick,0,0,2,2,#Div0,0.0,#Div0
ladder,0,0,2,2,#Div0,0.0,#Div0
popular,0,5,0,6,0.0,#Div0,#Div0
rising,0,0,1,1,#Div0,0.0,#Div0
spreading,0,0,1,1,#Div0,0.0,#Div0
external,0,1,0,2,0.0,#Div0,#Div0
stability,0,0,1,1,#Div0,0.0,#Div0
image,0,0,4,4,#Div0,0.0,#Div0
raised,0,0,1,1,#Div0,0.0,#Div0
whole,1,8,1,10,0.1111111111111111,0.5,0.1818181818181818
underline,0,0,1,1,#Div0,0.0,#Div0
acidic,0,1,0,1,0.0,#Div0,#Div0
reflects,0,0,1,1,#Div0,0.0,#Div0
demanding,0,0,1,1,#Div0,0.0,#Div0
warmly,0,0,1,1,#Div0,0.0,#Div0
personal,0,14,0,31,0.0,#Div0,#Div0
from,0,0,8,8,#Div0,0.0,#Div0
informational,0,1,0,1,0.0,#Div0,#Div0
beatiful,0,0,2,2,#Div0,0.0,#Div0
dedicates,0,0,1,1,#Div0,0.0,#Div0
save,0,0,1,1,#Div0,0.0,#Div0
sends,0,0,1,1,#Div0,0.0,#Div0
neo,0,0,0,1,#Div0,#Div0,#Div0
flower,0,0,1,1,#Div0,0.0,#Div0
Simple,0,1,0,1,0.0,#Div0,#Div0
guide,0,0,2,3,#Div0,0.0,#Div0
Successful,0,3,0,3,0.0,#Div0,#Div0
pace,0,0,1,1,#Div0,0.0,#Div0
understand,0,0,0,1,#Div0,#Div0,#Div0
practical,0,5,0,5,0.0,#Div0,#Div0
Indian,0,1,0,1,0.0,#Div0,#Div0
concentrates,0,0,1,1,#Div0,0.0,#Div0
right,0,8,0,13,0.0,#Div0,#Div0
statistical,0,1,0,1,0.0,#Div0,#Div0
obstacle,0,0,2,2,#Div0,0.0,#Div0
goes,0,0,1,1,#Div0,0.0,#Div0
complement,0,0,1,1,#Div0,0.0,#Div0
challenge,0,0,1,1,#Div0,0.0,#Div0
perspectives,0,0,2,2,#Div0,0.0,#Div0
requires,0,0,2,2,#Div0,0.0,#Div0
sit,0,0,1,1,#Div0,0.0,#Div0
coin,0,0,1,1,#Div0,0.0,#Div0
calm,1,0,0,1,1.0,1.0,1.0
urban,0,0,0,1,#Div0,#Div0,#Div0
essential,0,1,0,2,0.0,#Div0,#Div0
sacrifice,0,0,1,1,#Div0,0.0,#Div0
too,0,0,3,3,#Div0,0.0,#Div0
lens,0,0,1,1,#Div0,0.0,#Div0
similar,0,1,0,1,0.0,#Div0,#Div0
white-colored,0,1,0,1,0.0,#Div0,#Div0
pioneered,0,1,0,1,0.0,#Div0,#Div0
time,0,0,1,1,#Div0,0.0,#Div0
turn,0,0,2,2,#Div0,0.0,#Div0
part,0,0,10,10,#Div0,0.0,#Div0
electrical,0,1,0,1,0.0,#Div0,#Div0
between,0,0,1,1,#Div0,0.0,#Div0
genuine,0,0,0,1,#Div0,#Div0,#Div0
theit,0,0,0,1,#Div0,#Div0,#Div0
gulf,0,1,0,1,0.0,#Div0,#Div0
spots,0,0,1,1,#Div0,0.0,#Div0
joung,0,1,0,1,0.0,#Div0,#Div0
local,0,12,0,18,0.0,#Div0,#Div0
reliable,0,1,0,2,0.0,#Div0,#Div0
opposite,0,2,0,2,0.0,#Div0,#Div0
thanks,0,1,0,1,0.0,#Div0,#Div0
eighteen,0,1,0,1,0.0,#Div0,#Div0
tools,0,0,3,3,#Div0,0.0,#Div0
gain,0,0,2,2,#Div0,0.0,#Div0
pluck,0,0,1,1,#Div0,0.0,#Div0
put,0,0,6,6,#Div0,0.0,#Div0
valuable,0,2,2,4,0.0,0.0,#Div0
particular,0,14,0,16,0.0,#Div0,#Div0
energy,0,0,1,1,#Div0,0.0,#Div0
stop,0,0,1,1,#Div0,0.0,#Div0
univeristy,0,0,0,1,#Div0,#Div0,#Div0
sick,0,1,0,1,0.0,#Div0,#Div0
provide,0,1,3,4,0.0,0.0,#Div0
addicted,0,0,1,1,#Div0,0.0,#Div0
rainy,0,0,0,1,#Div0,#Div0,#Div0
civil,0,2,0,2,0.0,#Div0,#Div0
atheistic,0,0,0,1,#Div0,#Div0,#Div0
christmas,0,0,0,1,#Div0,#Div0,#Div0
clever,0,1,0,1,0.0,#Div0,#Div0
expected,0,1,0,1,0.0,#Div0,#Div0
powerfull,1,0,0,1,1.0,1.0,1.0
passed,0,0,1,1,#Div0,0.0,#Div0
extra,2,2,0,4,0.5,1.0,0.6666666666666666
our,0,0,1,1,#Div0,0.0,#Div0
dream,0,0,5,5,#Div0,0.0,#Div0
flexibility,0,0,1,1,#Div0,0.0,#Div0
scheme,0,0,1,1,#Div0,0.0,#Div0
strenght,0,0,1,1,#Div0,0.0,#Div0
present,0,3,0,5,0.0,#Div0,#Div0
meet,0,0,2,2,#Div0,0.0,#Div0
Such,0,2,0,2,0.0,#Div0,#Div0
firmly,0,0,1,1,#Div0,0.0,#Div0
biological,0,0,0,2,#Div0,#Div0,#Div0
face,0,0,9,9,#Div0,0.0,#Div0
allow,0,1,0,1,0.0,#Div0,#Div0
other,0,115,0,135,0.0,#Div0,#Div0
out,0,0,5,5,#Div0,0.0,#Div0
bond,0,0,1,1,#Div0,0.0,#Div0
highlights,0,0,1,1,#Div0,0.0,#Div0
active,4,0,0,4,1.0,1.0,1.0
imposed,0,0,1,1,#Div0,0.0,#Div0
aiming,0,0,1,1,#Div0,0.0,#Div0
over,0,0,1,1,#Div0,0.0,#Div0
esthetic,0,0,0,1,#Div0,#Div0,#Div0
spare,0,0,2,2,#Div0,0.0,#Div0
grow,0,0,7,7,#Div0,0.0,#Div0
graps,0,0,1,1,#Div0,0.0,#Div0
diffrent,0,3,0,6,0.0,#Div0,#Div0
explore,0,0,3,3,#Div0,0.0,#Div0
misleading,1,0,1,2,1.0,0.5,0.6666666666666666
contained,0,0,1,1,#Div0,0.0,#Div0
archeological,0,1,0,1,0.0,#Div0,#Div0
valiable,0,0,1,1,#Div0,0.0,#Div0
private,1,10,0,11,0.09090909090909091,1.0,0.16666666666666669
immerse,0,0,1,1,#Div0,0.0,#Div0
need,0,0,1,1,#Div0,0.0,#Div0
ruining,0,0,4,4,#Div0,0.0,#Div0
succesfull,0,1,0,2,0.0,#Div0,#Div0
controversial,0,1,0,1,0.0,#Div0,#Div0
incorrect,1,0,0,1,1.0,1.0,1.0
takes,0,0,5,5,#Div0,0.0,#Div0
sorrounds,0,0,1,1,#Div0,0.0,#Div0
division,0,0,1,1,#Div0,0.0,#Div0
under-developed,0,1,0,1,0.0,#Div0,#Div0
town,0,0,2,2,#Div0,0.0,#Div0
elementary,0,1,0,1,0.0,#Div0,#Div0
instant,0,0,0,1,#Div0,#Div0,#Div0
high,1,16,1,21,0.058823529411764705,0.5,0.10526315789473684
giving,0,0,4,4,#Div0,0.0,#Div0
different,0,48,0,71,0.0,#Div0,#Div0
emotionally,0,1,0,1,0.0,#Div0,#Div0
up,0,0,9,9,#Div0,0.0,#Div0
serious,0,2,1,3,0.0,0.0,#Div0
new,2,143,1,180,0.013793103448275862,0.6666666666666666,0.02702702702702703
suppoting,0,0,1,1,#Div0,0.0,#Div0
collage,0,0,1,1,#Div0,0.0,#Div0
strict,0,0,1,1,#Div0,0.0,#Div0
own,1,33,0,46,0.029411764705882353,1.0,0.05714285714285715
stood,0,0,1,1,#Div0,0.0,#Div0
help,0,0,1,1,#Div0,0.0,#Div0
mislead,0,0,1,1,#Div0,0.0,#Div0
autum,0,0,1,1,#Div0,0.0,#Div0
unselfish,0,1,0,1,0.0,#Div0,#Div0
faced,0,0,1,1,#Div0,0.0,#Div0
next,0,6,0,7,0.0,#Div0,#Div0
constant,0,2,0,2,0.0,#Div0,#Div0
rice,0,0,0,1,#Div0,#Div0,#Div0
specific,0,31,0,39,0.0,#Div0,#Div0
person,0,0,1,1,#Div0,0.0,#Div0
fifty,0,0,0,2,#Div0,#Div0,#Div0
stages,0,0,1,1,#Div0,0.0,#Div0
realy,0,0,0,1,#Div0,#Div0,#Div0
forward,0,0,2,2,#Div0,0.0,#Div0
taught,0,0,1,1,#Div0,0.0,#Div0
great,1,19,0,20,0.05,1.0,0.09523809523809523
Seeing,0,0,1,1,#Div0,0.0,#Div0
cosmetic,0,4,0,4,0.0,#Div0,#Div0
had,0,0,1,1,#Div0,0.0,#Div0
two,0,0,1,1,#Div0,0.0,#Div0
gave,0,0,3,3,#Div0,0.0,#Div0
contributes,0,0,1,1,#Div0,0.0,#Div0
historic,0,1,0,1,0.0,#Div0,#Div0
good,0,74,0,75,0.0,#Div0,#Div0
of,0,0,7,7,#Div0,0.0,#Div0
touch,0,0,1,1,#Div0,0.0,#Div0
spaces,0,0,1,1,#Div0,0.0,#Div0
theoretical,0,3,0,3,0.0,#Div0,#Div0
limitations,0,0,1,1,#Div0,0.0,#Div0
brave,0,3,0,3,0.0,#Div0,#Div0
leads,0,0,3,3,#Div0,0.0,#Div0
diet,0,0,0,1,#Div0,#Div0,#Div0
subject,0,3,0,4,0.0,#Div0,#Div0
remarkable,0,1,0,1,0.0,#Div0,#Div0
nature,0,0,1,1,#Div0,0.0,#Div0
decent,0,2,0,2,0.0,#Div0,#Div0
innovative,0,3,0,4,0.0,#Div0,#Div0
challanges,0,0,1,1,#Div0,0.0,#Div0
orginal,0,1,0,1,0.0,#Div0,#Div0
pressures,0,0,2,2,#Div0,0.0,#Div0
socialize,0,1,0,1,0.0,#Div0,#Div0
lies,0,0,1,1,#Div0,0.0,#Div0
agricultural,0,0,0,1,#Div0,#Div0,#Div0
semesters,0,0,1,1,#Div0,0.0,#Div0
impression,0,0,1,1,#Div0,0.0,#Div0
non,0,2,0,2,0.0,#Div0,#Div0
usual,0,3,0,3,0.0,#Div0,#Div0
vision,0,0,2,2,#Div0,0.0,#Div0
system,0,0,2,2,#Div0,0.0,#Div0
advance,0,0,1,1,#Div0,0.0,#Div0
specialized,0,6,0,13,0.0,#Div0,#Div0
fit,0,0,1,1,#Div0,0.0,#Div0
places,0,0,1,1,#Div0,0.0,#Div0
stricted,0,0,1,1,#Div0,0.0,#Div0
priceless,0,0,1,1,#Div0,0.0,#Div0
Many,0,8,0,10,0.0,#Div0,#Div0
scientific,0,6,0,6,0.0,#Div0,#Div0
less,0,0,2,2,#Div0,0.0,#Div0
global,0,6,0,7,0.0,#Div0,#Div0
increase,0,0,2,2,#Div0,0.0,#Div0
creamy,0,1,0,1,0.0,#Div0,#Div0
Modern,0,1,0,1,0.0,#Div0,#Div0
caveman,0,0,0,1,#Div0,#Div0,#Div0
exotic,1,0,0,1,1.0,1.0,1.0
mine,0,0,0,1,#Div0,#Div0,#Div0
shocking,0,0,1,1,#Div0,0.0,#Div0
spot,0,0,1,1,#Div0,0.0,#Div0
children,0,0,1,1,#Div0,0.0,#Div0
deeper,0,0,2,2,#Div0,0.0,#Div0
primary,0,3,0,4,0.0,#Div0,#Div0
with-with,0,1,0,1,0.0,#Div0,#Div0
allocating,0,0,1,1,#Div0,0.0,#Div0
play,0,0,1,1,#Div0,0.0,#Div0
judging,0,0,1,1,#Div0,0.0,#Div0
rewarded,0,0,1,1,#Div0,0.0,#Div0
accurate,0,1,0,1,0.0,#Div0,#Div0
forced,0,0,3,3,#Div0,0.0,#Div0
backgrounds,0,0,1,1,#Div0,0.0,#Div0
driven,0,0,1,1,#Div0,0.0,#Div0
balance,0,0,1,1,#Div0,0.0,#Div0
cant,0,1,0,1,0.0,#Div0,#Div0
foreign,0,8,0,8,0.0,#Div0,#Div0
nowadays,0,1,0,1,0.0,#Div0,#Div0
struggle,0,0,1,1,#Div0,0.0,#Div0
deep,0,0,4,4,#Div0,0.0,#Div0
brings,0,0,1,1,#Div0,0.0,#Div0
high-speed,0,1,0,1,0.0,#Div0,#Div0
worlds,0,0,1,1,#Div0,0.0,#Div0
enlarge,0,0,2,2,#Div0,0.0,#Div0
going,0,0,2,2,#Div0,0.0,#Div0
established,0,0,1,1,#Div0,0.0,#Div0
cutting,0,0,1,1,#Div0,0.0,#Div0
belong,0,0,1,1,#Div0,0.0,#Div0
eventual,0,1,0,1,0.0,#Div0,#Div0
unusual,0,1,0,1,0.0,#Div0,#Div0
working,0,2,1,3,0.0,0.0,#Div0
hectic,1,0,0,1,1.0,1.0,1.0
message,0,0,1,1,#Div0,0.0,#Div0
technical,0,1,0,1,0.0,#Div0,#Div0
indepth,0,0,1,1,#Div0,0.0,#Div0
ranges,0,0,1,1,#Div0,0.0,#Div0
early,1,4,0,5,0.2,1.0,0.33333333333333337
classic,0,1,0,1,0.0,#Div0,#Div0
homeless,0,1,0,1,0.0,#Div0,#Div0
biased,0,1,0,1,0.0,#Div0,#Div0
science,0,1,0,1,0.0,#Div0,#Div0
limit,0,0,2,2,#Div0,0.0,#Div0
bare,0,0,1,1,#Div0,0.0,#Div0
followed,0,0,1,1,#Div0,0.0,#Div0
clear,1,0,6,8,1.0,0.14285714285714285,0.25
ethinic,0,1,0,1,0.0,#Div0,#Div0
hand,0,0,2,2,#Div0,0.0,#Div0
devotng,0,0,1,1,#Div0,0.0,#Div0
accquire,0,0,1,1,#Div0,0.0,#Div0
Young,0,2,0,2,0.0,#Div0,#Div0
reflect,0,0,1,1,#Div0,0.0,#Div0
bring,0,0,3,3,#Div0,0.0,#Div0
original,1,1,0,3,0.5,1.0,0.6666666666666666
clean,0,1,0,1,0.0,#Div0,#Div0
facing,0,0,2,2,#Div0,0.0,#Div0
destroying,0,0,1,1,#Div0,0.0,#Div0
referenced,0,1,0,1,0.0,#Div0,#Div0
send,0,0,1,1,#Div0,0.0,#Div0
endless,1,0,0,1,1.0,1.0,1.0
semester,0,0,1,1,#Div0,0.0,#Div0
stage,0,0,6,6,#Div0,0.0,#Div0
interesting,0,7,0,7,0.0,#Div0,#Div0
written,0,0,1,1,#Div0,0.0,#Div0
away,0,0,3,3,#Div0,0.0,#Div0
full,2,2,8,13,0.5,0.2,0.28571428571428575
follow,0,0,9,9,#Div0,0.0,#Div0
profitable,0,1,0,1,0.0,#Div0,#Div0
proper,0,1,0,2,0.0,#Div0,#Div0
metropolitan,0,1,0,1,0.0,#Div0,#Div0
spread-out,1,0,0,1,1.0,1.0,1.0
gap,0,0,1,1,#Div0,0.0,#Div0
Second,0,1,0,2,0.0,#Div0,#Div0
professional,0,3,0,4,0.0,#Div0,#Div0
adjust,0,0,1,1,#Div0,0.0,#Div0
careful,0,2,0,2,0.0,#Div0,#Div0
supports,0,0,1,1,#Div0,0.0,#Div0
year,0,0,1,1,#Div0,0.0,#Div0
grade,0,1,1,2,0.0,0.0,#Div0
few,0,17,0,27,0.0,#Div0,#Div0
outside,0,0,2,2,#Div0,0.0,#Div0
i,0,0,0,4,#Div0,#Div0,#Div0
life,0,0,1,1,#Div0,0.0,#Div0
fancy,0,1,0,1,0.0,#Div0,#Div0
italian,0,1,0,2,0.0,#Div0,#Div0
affordable,0,1,0,1,0.0,#Div0,#Div0
richness,0,0,1,1,#Div0,0.0,#Div0
intruduced,0,0,1,1,#Div0,0.0,#Div0
advertized,0,1,0,1,0.0,#Div0,#Div0
aproach,0,0,1,1,#Div0,0.0,#Div0
visual,0,1,0,1,0.0,#Div0,#Div0
Taking,0,0,1,1,#Div0,0.0,#Div0
time-consuming,1,0,0,1,1.0,1.0,1.0
formed,0,0,1,1,#Div0,0.0,#Div0
approriate,0,0,0,1,#Div0,#Div0,#Div0
perfect,0,1,0,1,0.0,#Div0,#Div0
genetic,0,1,0,1,0.0,#Div0,#Div0
eyes,0,0,1,1,#Div0,0.0,#Div0
focus,0,0,7,7,#Div0,0.0,#Div0
gives,0,0,7,7,#Div0,0.0,#Div0
sacrificing,0,0,1,1,#Div0,0.0,#Div0
Human,0,0,0,1,#Div0,#Div0,#Div0
law,0,0,1,1,#Div0,0.0,#Div0
frozen,0,1,0,1,0.0,#Div0,#Div0
on,0,0,9,9,#Div0,0.0,#Div0
signs,0,0,1,1,#Div0,0.0,#Div0
follwing,0,0,0,1,#Div0,#Div0,#Div0
builds,0,0,2,2,#Div0,0.0,#Div0
big,1,15,7,35,0.0625,0.125,0.08333333333333333
studied,0,1,0,1,0.0,#Div0,#Div0
everyday,0,10,0,10,0.0,#Div0,#Div0
fits,0,0,2,2,#Div0,0.0,#Div0
sufficient,0,4,0,4,0.0,#Div0,#Div0
approach,0,0,6,6,#Div0,0.0,#Div0
wasting,0,0,2,2,#Div0,0.0,#Div0
detailed,0,1,0,1,0.0,#Div0,#Div0
grate,0,0,0,1,#Div0,#Div0,#Div0
environment-friendly,0,0,0,1,#Div0,#Div0,#Div0
knowledge,0,0,1,1,#Div0,0.0,#Div0
master,0,0,1,1,#Div0,0.0,#Div0
shy,0,1,0,1,0.0,#Div0,#Div0
the,0,0,13,13,#Div0,0.0,#Div0
fought,0,0,1,1,#Div0,0.0,#Div0
stems,0,0,1,1,#Div0,0.0,#Div0
gets,0,0,1,1,#Div0,0.0,#Div0
rule,0,0,1,1,#Div0,0.0,#Div0
numerous,0,1,0,2,0.0,#Div0,#Div0
historical,0,6,0,6,0.0,#Div0,#Div0
power,0,0,2,2,#Div0,0.0,#Div0
fixing,0,0,1,1,#Div0,0.0,#Div0
around,0,0,3,3,#Div0,0.0,#Div0
building,0,0,1,1,#Div0,0.0,#Div0
talking,0,0,1,1,#Div0,0.0,#Div0
destination,0,0,1,1,#Div0,0.0,#Div0
remote,1,1,0,2,0.5,1.0,0.6666666666666666
zoo,0,0,1,1,#Div0,0.0,#Div0
measure,0,0,2,2,#Div0,0.0,#Div0
balanced,0,0,1,1,#Div0,0.0,#Div0
overall,0,1,0,2,0.0,#Div0,#Div0
bit,0,0,1,1,#Div0,0.0,#Div0
busy,0,1,2,3,0.0,0.0,#Div0
brought,0,0,2,2,#Div0,0.0,#Div0
back,0,0,2,2,#Div0,0.0,#Div0
long,0,10,2,12,0.0,0.0,#Div0
feel,0,0,2,2,#Div0,0.0,#Div0
share,0,0,2,2,#Div0,0.0,#Div0
control,0,0,2,2,#Div0,0.0,#Div0
final,0,3,0,3,0.0,#Div0,#Div0
crash,0,0,1,1,#Div0,0.0,#Div0
build,0,0,3,3,#Div0,0.0,#Div0
shrugged,0,0,1,1,#Div0,0.0,#Div0
permanent,0,1,0,1,0.0,#Div0,#Div0
solid,0,0,2,2,#Div0,0.0,#Div0
natural,1,1,0,2,0.5,1.0,0.6666666666666666
anew,0,1,0,1,0.0,#Div0,#Div0
step,0,0,2,2,#Div0,0.0,#Div0
greater,0,0,1,1,#Div0,0.0,#Div0
Thai,0,0,0,1,#Div0,#Div0,#Div0
animal,0,0,0,1,#Div0,#Div0,#Div0
eith,0,0,0,1,#Div0,#Div0,#Div0
crucial,0,1,0,1,0.0,#Div0,#Div0
max,0,0,1,1,#Div0,0.0,#Div0
position,0,0,3,3,#Div0,0.0,#Div0
pay,0,0,1,1,#Div0,0.0,#Div0
various,0,10,0,11,0.0,#Div0,#Div0
closer,0,0,1,1,#Div0,0.0,#Div0
possible,0,2,0,2,0.0,#Div0,#Div0
at,0,0,1,1,#Div0,0.0,#Div0
Spikes,0,0,1,1,#Div0,0.0,#Div0
avalible,0,0,1,1,#Div0,0.0,#Div0
traditional,0,1,1,2,0.0,0.0,#Div0
successful,0,40,0,41,0.0,#Div0,#Div0
past,0,5,0,5,0.0,#Div0,#Div0
encouraging,0,1,0,1,0.0,#Div0,#Div0
spread,0,0,1,1,#Div0,0.0,#Div0
advanced,1,5,1,7,0.16666666666666666,0.5,0.25
neutral,1,0,0,1,1.0,1.0,1.0
having,0,0,3,3,#Div0,0.0,#Div0
relative,0,1,0,2,0.0,#Div0,#Div0
nice,0,6,0,6,0.0,#Div0,#Div0
multiply,0,0,1,1,#Div0,0.0,#Div0
path,0,0,3,3,#Div0,0.0,#Div0
jungle,0,0,1,1,#Div0,0.0,#Div0
complexities,0,0,1,1,#Div0,0.0,#Div0
dragged,0,0,1,1,#Div0,0.0,#Div0
learning,0,1,0,1,0.0,#Div0,#Div0
favorite,0,1,0,2,0.0,#Div0,#Div0
form,0,0,1,1,#Div0,0.0,#Div0
needy,0,3,0,3,0.0,#Div0,#Div0
into,0,0,7,7,#Div0,0.0,#Div0
eastern,0,1,0,1,0.0,#Div0,#Div0
loose,0,0,1,1,#Div0,0.0,#Div0
pains,0,0,1,1,#Div0,0.0,#Div0
actual,0,3,0,3,0.0,#Div0,#Div0
points,0,0,1,1,#Div0,0.0,#Div0
entrepreneurial,0,0,0,1,#Div0,#Div0,#Div0
odd,0,1,0,1,0.0,#Div0,#Div0
rare,1,0,0,1,1.0,1.0,1.0
strongly,0,0,7,7,#Div0,0.0,#Div0
previous,0,0,0,1,#Div0,#Div0,#Div0
sources,0,0,2,2,#Div0,0.0,#Div0
work,0,0,1,1,#Div0,0.0,#Div0
enable,0,1,0,1,0.0,#Div0,#Div0
eminent,0,1,0,1,0.0,#Div0,#Div0
memorizing,0,0,0,1,#Div0,#Div0,#Div0
runs,0,0,1,1,#Div0,0.0,#Div0
forming,0,0,2,2,#Div0,0.0,#Div0
disabled,0,1,0,1,0.0,#Div0,#Div0
discover,0,0,3,3,#Div0,0.0,#Div0
poeple,0,0,0,1,#Div0,#Div0,#Div0
funny,0,1,0,1,0.0,#Div0,#Div0
rise,0,0,1,1,#Div0,0.0,#Div0
productive,0,1,0,1,0.0,#Div0,#Div0
common,1,4,0,5,0.2,1.0,0.33333333333333337
optimize,0,0,1,1,#Div0,0.0,#Div0
school-time,0,0,0,1,#Div0,#Div0,#Div0
fresh,1,1,2,4,0.5,0.3333333333333333,0.4
indirect,0,1,0,1,0.0,#Div0,#Div0
trucks,0,0,1,1,#Div0,0.0,#Div0
come,0,0,1,1,#Div0,0.0,#Div0
standard,0,1,0,1,0.0,#Div0,#Div0
appealing,0,0,1,1,#Div0,0.0,#Div0
long-distance,0,1,0,1,0.0,#Div0,#Div0
discovery,0,0,3,3,#Div0,0.0,#Div0
stand,0,0,1,1,#Div0,0.0,#Div0
former,0,1,0,1,0.0,#Div0,#Div0
struck,0,0,1,1,#Div0,0.0,#Div0
reap,0,0,1,1,#Div0,0.0,#Div0
late,1,0,1,2,1.0,0.5,0.6666666666666666
depicted,0,0,1,1,#Div0,0.0,#Div0
ony,0,1,0,1,0.0,#Div0,#Div0
conception,0,0,1,1,#Div0,0.0,#Div0
contemporary,0,3,0,3,0.0,#Div0,#Div0
putting,0,0,1,1,#Div0,0.0,#Div0
non-profit,0,3,0,3,0.0,#Div0,#Div0
means,0,0,1,1,#Div0,0.0,#Div0
responsible,0,2,0,2,0.0,#Div0,#Div0
far,0,0,2,2,#Div0,0.0,#Div0
necessary,0,5,0,5,0.0,#Div0,#Div0
expensive,0,6,0,7,0.0,#Div0,#Div0
cheat,0,0,1,1,#Div0,0.0,#Div0
financial,0,3,0,7,0.0,#Div0,#Div0
feed,0,0,1,1,#Div0,0.0,#Div0
environmental,0,1,0,4,0.0,#Div0,#Div0
credible,0,1,0,1,0.0,#Div0,#Div0
trials,0,0,1,1,#Div0,0.0,#Div0
diminish,0,0,1,1,#Div0,0.0,#Div0
benificial,0,2,0,2,0.0,#Div0,#Div0
pursuing,0,0,1,1,#Div0,0.0,#Div0
Chinese,0,0,0,1,#Div0,#Div0,#Div0
Total,0,1,0,1,0.0,#Div0,#Div0
huge,0,8,1,11,0.0,0.0,#Div0
blocked,0,0,1,1,#Div0,0.0,#Div0
graphic,0,1,0,2,0.0,#Div0,#Div0
disappear,0,0,1,1,#Div0,0.0,#Div0
relevant,0,1,0,1,0.0,#Div0,#Div0
human,0,6,0,13,0.0,#Div0,#Div0
industrial,0,2,0,2,0.0,#Div0,#Div0
useful,0,4,0,4,0.0,#Div0,#Div0
teach,0,0,1,1,#Div0,0.0,#Div0
visibility,0,0,2,2,#Div0,0.0,#Div0
complete,1,1,0,4,0.5,1.0,0.6666666666666666
leading,0,0,2,2,#Div0,0.0,#Div0
percent,0,0,1,1,#Div0,0.0,#Div0
primises,0,0,1,1,#Div0,0.0,#Div0
abandon,0,0,1,1,#Div0,0.0,#Div0
risky,0,8,0,8,0.0,#Div0,#Div0
class,0,0,1,1,#Div0,0.0,#Div0
dedicate,0,0,6,6,#Div0,0.0,#Div0
grows,0,0,1,1,#Div0,0.0,#Div0
reachable,0,0,1,1,#Div0,0.0,#Div0
laud,0,1,0,1,0.0,#Div0,#Div0
steady,2,0,1,3,1.0,0.6666666666666666,0.8
shattered,0,0,1,1,#Div0,0.0,#Div0
t,0,0,0,3,#Div0,#Div0,#Div0
single,0,5,0,8,0.0,#Div0,#Div0
old,0,29,0,33,0.0,#Div0,#Div0
developed,1,1,1,3,0.5,0.5,0.5
fullfilling,0,0,1,1,#Div0,0.0,#Div0
small,3,9,0,14,0.25,1.0,0.4
spreaded,0,0,1,1,#Div0,0.0,#Div0
third,0,0,0,1,#Div0,#Div0,#Div0
nightmare,0,0,1,1,#Div0,0.0,#Div0
spends,0,0,2,2,#Div0,0.0,#Div0
possitive,0,1,0,1,0.0,#Div0,#Div0
electric,0,4,0,5,0.0,#Div0,#Div0
commercial,0,2,0,2,0.0,#Div0,#Div0
fake,0,0,2,2,#Div0,0.0,#Div0
mundane,0,1,0,1,0.0,#Div0,#Div0
wast,0,0,2,2,#Div0,0.0,#Div0
handling,0,0,2,2,#Div0,0.0,#Div0
economical,0,3,0,3,0.0,#Div0,#Div0
carrier,0,0,1,1,#Div0,0.0,#Div0
easy,0,4,1,5,0.0,0.0,#Div0
beautiful,0,5,0,5,0.0,#Div0,#Div0
very,0,0,1,1,#Div0,0.0,#Div0
expands,0,0,1,1,#Div0,0.0,#Div0
developing,0,1,1,2,0.0,0.0,#Div0
connector,0,0,1,1,#Div0,0.0,#Div0
useless,2,1,0,3,0.6666666666666666,1.0,0.8
tied,0,0,1,1,#Div0,0.0,#Div0
foregin,0,3,0,3,0.0,#Div0,#Div0
normal,0,8,0,8,0.0,#Div0,#Div0
Academic,0,0,0,1,#Div0,#Div0,#Div0
spenting,0,0,1,1,#Div0,0.0,#Div0
quite,0,1,0,1,0.0,#Div0,#Div0
strengthen,0,0,1,1,#Div0,0.0,#Div0
miss,0,0,3,3,#Div0,0.0,#Div0
way,0,0,3,3,#Div0,0.0,#Div0
lead,0,0,9,9,#Div0,0.0,#Div0
complicated,0,2,0,3,0.0,#Div0,#Div0
breakdown,0,0,1,1,#Div0,0.0,#Div0
obtain,0,0,5,5,#Div0,0.0,#Div0
margin,0,0,1,1,#Div0,0.0,#Div0
multiplying,0,0,1,1,#Div0,0.0,#Div0
fist,0,0,0,2,#Div0,#Div0,#Div0
sons,0,0,1,1,#Div0,0.0,#Div0
entire,0,2,0,2,0.0,#Div0,#Div0
attached,0,0,1,1,#Div0,0.0,#Div0
conection,0,0,1,1,#Div0,0.0,#Div0
hypothetical,0,1,0,1,0.0,#Div0,#Div0
accessble,0,0,1,1,#Div0,0.0,#Div0
microsoft,0,1,0,1,0.0,#Div0,#Div0
twentieth,0,0,0,3,#Div0,#Div0,#Div0
basesd,0,0,1,1,#Div0,0.0,#Div0
awful,0,1,0,1,0.0,#Div0,#Div0
contribut,0,0,1,1,#Div0,0.0,#Div0
simple,1,7,0,9,0.125,1.0,0.2222222222222222
relay,0,0,2,2,#Div0,0.0,#Div0
grand,0,2,0,2,0.0,#Div0,#Div0
wheel,0,0,1,1,#Div0,0.0,#Div0
musical,0,1,0,1,0.0,#Div0,#Div0
acknowledged,0,1,0,1,0.0,#Div0,#Div0
noisy,0,2,0,2,0.0,#Div0,#Div0
aloof,0,1,0,1,0.0,#Div0,#Div0
mechanical,0,0,0,2,#Div0,#Div0,#Div0
ather,0,1,0,1,0.0,#Div0,#Div0
roam,0,0,1,1,#Div0,0.0,#Div0
unemployed,0,1,0,1,0.0,#Div0,#Div0
comfortably,0,0,1,1,#Div0,0.0,#Div0
ruin,0,0,1,1,#Div0,0.0,#Div0
killers,0,0,1,1,#Div0,0.0,#Div0
hobby,0,0,0,1,#Div0,#Div0,#Div0
absurd,0,1,0,1,0.0,#Div0,#Div0
journey,0,0,2,2,#Div0,0.0,#Div0
wider,0,0,3,3,#Div0,0.0,#Div0
comforatable,0,0,1,1,#Div0,0.0,#Div0
proactive,0,1,0,1,0.0,#Div0,#Div0
toshiba,0,2,0,3,0.0,#Div0,#Div0
value,0,0,2,2,#Div0,0.0,#Div0
vast,1,2,2,5,0.3333333333333333,0.3333333333333333,0.3333333333333333
safe,0,1,2,4,0.0,0.0,#Div0
animals,0,0,1,1,#Div0,0.0,#Div0
overcome,0,0,2,2,#Div0,0.0,#Div0
much,0,25,0,26,0.0,#Div0,#Div0
NHS,0,1,0,1,0.0,#Div0,#Div0
yong,0,3,0,3,0.0,#Div0,#Div0
pictures,0,0,1,1,#Div0,0.0,#Div0
struggling,0,0,1,1,#Div0,0.0,#Div0
reassuring,0,1,0,1,0.0,#Div0,#Div0
self,0,2,0,2,0.0,#Div0,#Div0
enjoyable,0,3,0,3,0.0,#Div0,#Div0
eliminates,0,0,1,1,#Div0,0.0,#Div0
COMPLETE,0,0,0,1,#Div0,#Div0,#Div0
side,0,0,1,1,#Div0,0.0,#Div0
Next,0,1,0,1,0.0,#Div0,#Div0
major,0,6,0,7,0.0,#Div0,#Div0
introduced,0,0,1,1,#Div0,0.0,#Div0
inter,0,3,0,3,0.0,#Div0,#Div0
prized,0,0,1,1,#Div0,0.0,#Div0
consume,0,0,1,1,#Div0,0.0,#Div0
ecological,0,0,0,3,#Div0,#Div0,#Div0
asset,0,0,1,1,#Div0,0.0,#Div0
advancement,0,0,1,1,#Div0,0.0,#Div0
lack,0,0,2,2,#Div0,0.0,#Div0
areas,0,0,1,1,#Div0,0.0,#Div0
spikes,0,0,1,1,#Div0,0.0,#Div0
give,1,1,29,31,0.5,0.03333333333333333,0.0625
experiments,0,0,1,1,#Div0,0.0,#Div0
confident,0,0,1,1,#Div0,0.0,#Div0
abig,0,1,0,1,0.0,#Div0,#Div0
use,0,0,1,1,#Div0,0.0,#Div0
liek,0,1,0,1,0.0,#Div0,#Div0
sides,0,0,2,2,#Div0,0.0,#Div0
worth,0,0,1,1,#Div0,0.0,#Div0
deriving,0,0,1,1,#Div0,0.0,#Div0
after,0,0,1,1,#Div0,0.0,#Div0
soft,0,0,1,1,#Div0,0.0,#Div0
real,0,18,0,27,0.0,#Div0,#Div0
definite,0,1,0,1,0.0,#Div0,#Div0
impact,0,0,1,1,#Div0,0.0,#Div0
confortable,0,0,1,1,#Div0,0.0,#Div0
expert,0,1,0,1,0.0,#Div0,#Div0
reject,0,0,1,1,#Div0,0.0,#Div0
its,0,0,1,1,#Div0,0.0,#Div0
usefull,0,2,0,2,0.0,#Div0,#Div0
continous,0,1,0,1,0.0,#Div0,#Div0
consetrating,0,0,1,1,#Div0,0.0,#Div0
marketting,0,1,0,1,0.0,#Div0,#Div0
suffuring,0,0,1,1,#Div0,0.0,#Div0
space,0,0,4,4,#Div0,0.0,#Div0
near,0,0,1,2,#Div0,0.0,#Div0
point,0,0,3,3,#Div0,0.0,#Div0
craizy,0,0,1,1,#Div0,0.0,#Div0
predicted,0,0,0,1,#Div0,#Div0,#Div0
educational,0,4,0,4,0.0,#Div0,#Div0
based,0,0,6,6,#Div0,0.0,#Div0
focussed,1,0,0,1,1.0,1.0,1.0
drop,0,0,1,1,#Div0,0.0,#Div0
lost,0,0,2,2,#Div0,0.0,#Div0
exciting,0,2,0,2,0.0,#Div0,#Div0
sixteen,0,0,0,1,#Div0,#Div0,#Div0
rush,1,0,1,2,1.0,0.5,0.6666666666666666
platform,0,0,1,1,#Div0,0.0,#Div0
reached,0,0,6,6,#Div0,0.0,#Div0
drastic,0,1,0,1,0.0,#Div0,#Div0
dominated,0,0,1,1,#Div0,0.0,#Div0
aslo,0,0,0,1,#Div0,#Div0,#Div0
large,0,5,0,5,0.0,#Div0,#Div0
golden,0,0,2,2,#Div0,0.0,#Div0
principal,0,0,0,2,#Div0,#Div0,#Div0
pull,0,0,1,1,#Div0,0.0,#Div0
middle,0,2,0,2,0.0,#Div0,#Div0
green-house,0,0,1,1,#Div0,0.0,#Div0
surprising,0,1,0,1,0.0,#Div0,#Div0
ridiculous,0,1,0,1,0.0,#Div0,#Div0
understanding,0,5,0,5,0.0,#Div0,#Div0
exhaust,0,1,0,1,0.0,#Div0,#Div0
leaving,0,0,1,1,#Div0,0.0,#Div0
evolution,0,0,1,1,#Div0,0.0,#Div0
risk,0,0,1,1,#Div0,0.0,#Div0
uncontrollable,0,1,0,1,0.0,#Div0,#Div0
steps,0,0,1,1,#Div0,0.0,#Div0
piece,0,0,1,1,#Div0,0.0,#Div0
Sources,0,0,1,1,#Div0,0.0,#Div0
above,0,0,0,1,#Div0,#Div0,#Div0
to,0,0,2,2,#Div0,0.0,#Div0
connect,0,0,2,2,#Div0,0.0,#Div0
mess,0,0,1,1,#Div0,0.0,#Div0
current,0,3,0,5,0.0,#Div0,#Div0
wooden,0,1,0,1,0.0,#Div0,#Div0
catastrophic,0,0,1,1,#Div0,0.0,#Div0
base,0,0,3,3,#Div0,0.0,#Div0
mainstream,1,0,0,1,1.0,1.0,1.0
hidden,0,0,4,4,#Div0,0.0,#Div0
calculate,0,0,1,1,#Div0,0.0,#Div0
abstract,0,2,0,2,0.0,#Div0,#Div0
carries,0,0,1,1,#Div0,0.0,#Div0
unstable,0,0,1,1,#Div0,0.0,#Div0
repared,0,0,1,1,#Div0,0.0,#Div0
perspective,0,0,1,1,#Div0,0.0,#Div0
ideal,0,1,0,1,0.0,#Div0,#Div0
bonds,0,0,1,1,#Div0,0.0,#Div0
warmth,0,0,1,1,#Div0,0.0,#Div0
philosophical,0,1,0,1,0.0,#Div0,#Div0
have,0,0,52,52,#Div0,0.0,#Div0
moves,0,0,1,1,#Div0,0.0,#Div0
promenet,0,0,1,1,#Div0,0.0,#Div0
official,0,0,0,2,#Div0,#Div0,#Div0
example,0,0,1,1,#Div0,0.0,#Div0
social,0,11,0,19,0.0,#Div0,#Div0
junior,0,1,0,1,0.0,#Div0,#Div0
adn,0,1,0,1,0.0,#Div0,#Div0
Educational,0,1,0,1,0.0,#Div0,#Div0
core,0,0,2,2,#Div0,0.0,#Div0
pushed,0,0,1,1,#Div0,0.0,#Div0
covers,0,0,1,1,#Div0,0.0,#Div0
dont,0,1,0,2,0.0,#Div0,#Div0
there,0,1,0,1,0.0,#Div0,#Div0
rough,0,0,2,3,#Div0,0.0,#Div0
area,0,0,1,1,#Div0,0.0,#Div0
fight,0,0,3,3,#Div0,0.0,#Div0
age,0,0,2,2,#Div0,0.0,#Div0
Other,0,1,0,2,0.0,#Div0,#Div0
medical,0,3,0,5,0.0,#Div0,#Div0
finding,0,0,1,1,#Div0,0.0,#Div0
willing,0,0,1,1,#Div0,0.0,#Div0
safety,0,0,1,1,#Div0,0.0,#Div0
gaining,0,0,1,1,#Div0,0.0,#Div0
selfish,0,3,0,3,0.0,#Div0,#Div0
individual,0,3,0,4,0.0,#Div0,#Div0
providing,0,0,1,1,#Div0,0.0,#Div0
surronded,0,0,1,1,#Div0,0.0,#Div0
devoting,0,0,1,1,#Div0,0.0,#Div0
comparative,0,1,0,1,0.0,#Div0,#Div0
start,0,0,1,1,#Div0,0.0,#Div0
this,0,0,1,1,#Div0,0.0,#Div0
Red,0,1,0,1,0.0,#Div0,#Div0
Long,0,1,0,1,0.0,#Div0,#Div0
lazy,0,1,0,1,0.0,#Div0,#Div0
weight,0,0,1,1,#Div0,0.0,#Div0
physiological,0,0,0,1,#Div0,#Div0,#Div0
trafic,0,0,0,1,#Div0,#Div0,#Div0
public,0,16,0,18,0.0,#Div0,#Div0
wide,0,0,18,18,#Div0,0.0,#Div0
become,0,0,1,1,#Div0,0.0,#Div0
fitting,0,0,1,1,#Div0,0.0,#Div0
proportion,0,0,1,1,#Div0,0.0,#Div0
evry,0,2,0,2,0.0,#Div0,#Div0
attractive,0,1,0,1,0.0,#Div0,#Div0
legend,0,0,1,1,#Div0,0.0,#Div0
floor,0,0,1,1,#Div0,0.0,#Div0
manage,0,0,2,2,#Div0,0.0,#Div0
defence,0,0,1,1,#Div0,0.0,#Div0
part-time,0,1,0,1,0.0,#Div0,#Div0
upcoming,0,1,0,1,0.0,#Div0,#Div0
sophisticated,0,2,0,2,0.0,#Div0,#Div0
tolerating,0,0,1,1,#Div0,0.0,#Div0
sector,0,0,1,1,#Div0,0.0,#Div0
rewarding,0,0,2,2,#Div0,0.0,#Div0
endure,0,0,1,1,#Div0,0.0,#Div0
relied,0,0,1,1,#Div0,0.0,#Div0
meaningful,0,1,0,1,0.0,#Div0,#Div0
saved,0,0,1,1,#Div0,0.0,#Div0
faces,0,0,3,3,#Div0,0.0,#Div0
downsides,0,0,1,1,#Div0,0.0,#Div0
twenty-five,0,0,0,1,#Div0,#Div0,#Div0
advertisement,0,2,0,5,0.0,#Div0,#Div0
exposed,0,0,1,1,#Div0,0.0,#Div0
limited,2,1,2,5,0.6666666666666666,0.5,0.5714285714285715
conciliating,0,0,1,1,#Div0,0.0,#Div0
load,0,0,1,1,#Div0,0.0,#Div0
online,0,1,0,1,0.0,#Div0,#Div0
succesful,0,2,0,2,0.0,#Div0,#Div0
embed,0,0,1,1,#Div0,0.0,#Div0
crowd,0,0,1,1,#Div0,0.0,#Div0
interrupting,0,1,0,1,0.0,#Div0,#Div0
cover,0,0,1,1,#Div0,0.0,#Div0
mountainous,0,1,0,1,0.0,#Div0,#Div0
felt,0,0,1,1,#Div0,0.0,#Div0
underground,0,1,0,1,0.0,#Div0,#Div0
symbol,0,0,1,1,#Div0,0.0,#Div0
marginal,1,0,0,1,1.0,1.0,1.0
interact,0,0,1,1,#Div0,0.0,#Div0
sociological,0,1,0,1,0.0,#Div0,#Div0
protected,1,0,1,2,1.0,0.5,0.6666666666666666
attributed,0,1,0,1,0.0,#Div0,#Div0
surve,0,0,1,1,#Div0,0.0,#Div0
typical,0,4,0,5,0.0,#Div0,#Div0
connected,0,0,1,1,#Div0,0.0,#Div0
first,2,8,0,25,0.2,1.0,0.33333333333333337
only,0,8,0,8,0.0,#Div0,#Div0
shed,0,0,1,1,#Div0,0.0,#Div0
rules,0,0,1,1,#Div0,0.0,#Div0
stongly,0,0,1,1,#Div0,0.0,#Div0
young,0,174,0,186,0.0,#Div0,#Div0
reach,0,0,9,9,#Div0,0.0,#Div0
energetic,0,1,0,1,0.0,#Div0,#Div0
potencial,0,1,0,1,0.0,#Div0,#Div0
important,0,34,0,36,0.0,#Div0,#Div0
concentration,0,0,1,1,#Div0,0.0,#Div0
intensity,0,0,1,1,#Div0,0.0,#Div0
cultural,0,7,0,7,0.0,#Div0,#Div0
general,0,6,0,18,0.0,#Div0,#Div0
special,0,4,0,7,0.0,#Div0,#Div0
wonderful,0,1,0,1,0.0,#Div0,#Div0
undermine,0,0,1,1,#Div0,0.0,#Div0
cool,1,1,0,2,0.5,1.0,0.6666666666666666
free,12,2,2,16,0.8571428571428571,0.8571428571428571,0.8571428571428571
wonderfull,0,1,0,1,0.0,#Div0,#Div0
losing,0,0,3,3,#Div0,0.0,#Div0
serve,0,0,1,1,#Div0,0.0,#Div0
fanatic,1,0,0,1,1.0,1.0,1.0
constraints,0,0,1,1,#Div0,0.0,#Div0
chain,0,0,1,1,#Div0,0.0,#Div0
fulfill,0,0,1,1,#Div0,0.0,#Div0
politic,0,1,0,1,0.0,#Div0,#Div0
starting,0,0,1,1,#Div0,0.0,#Div0
attractions,0,0,1,1,#Div0,0.0,#Div0
seize,0,0,1,1,#Div0,0.0,#Div0
widening,0,0,1,1,#Div0,0.0,#Div0
mechanically,0,0,1,1,#Div0,0.0,#Div0
brilliant,0,1,0,1,0.0,#Div0,#Div0
same,1,49,0,52,0.02,1.0,0.0392156862745098
false,1,3,0,4,0.25,1.0,0.4
achieved,0,0,1,1,#Div0,0.0,#Div0
support,0,0,11,11,#Div0,0.0,#Div0
challenging,0,0,1,2,#Div0,0.0,#Div0
view,0,0,4,4,#Div0,0.0,#Div0
related,0,1,0,1,0.0,#Div0,#Div0
conscience,0,0,1,1,#Div0,0.0,#Div0
keys,0,0,1,1,#Div0,0.0,#Div0
generic,0,1,0,1,0.0,#Div0,#Div0
doors,0,0,1,1,#Div0,0.0,#Div0
light,0,0,2,2,#Div0,0.0,#Div0
further,0,3,0,3,0.0,#Div0,#Div0
paving,0,0,1,1,#Div0,0.0,#Div0
mnemonic,0,0,0,1,#Div0,#Div0,#Div0
blast,0,0,1,1,#Div0,0.0,#Div0
engine,0,0,1,1,#Div0,0.0,#Div0
filling,0,0,1,1,#Div0,0.0,#Div0
parallel,1,0,0,1,1.0,1.0,1.0
so-called,0,2,0,2,0.0,#Div0,#Div0
stupid,0,0,1,1,#Div0,0.0,#Div0
required,0,1,0,2,0.0,#Div0,#Div0
go,0,0,6,6,#Div0,0.0,#Div0
actor,0,0,1,1,#Div0,0.0,#Div0
correction,0,0,1,1,#Div0,0.0,#Div0
spending,0,0,4,4,#Div0,0.0,#Div0
pricy,0,1,0,1,0.0,#Div0,#Div0
worthless,0,0,1,1,#Div0,0.0,#Div0
dynamic,1,0,2,3,1.0,0.3333333333333333,0.5
catch,0,0,1,1,#Div0,0.0,#Div0
alternative,0,2,0,3,0.0,#Div0,#Div0
effective,0,2,0,2,0.0,#Div0,#Div0
edge,0,0,1,1,#Div0,0.0,#Div0
central,0,1,0,1,0.0,#Div0,#Div0
brith,0,0,1,1,#Div0,0.0,#Div0
psychological,0,1,0,1,0.0,#Div0,#Div0
focuses,0,0,1,1,#Div0,0.0,#Div0
Few,0,1,0,1,0.0,#Div0,#Div0
create,0,0,1,1,#Div0,0.0,#Div0
following,0,3,1,7,0.0,0.0,#Div0
Big,0,1,0,1,0.0,#Div0,#Div0
focused,0,0,2,2,#Div0,0.0,#Div0
coordinating,0,0,1,1,#Div0,0.0,#Div0
open,1,0,6,7,1.0,0.14285714285714285,0.25
horror,0,1,0,1,0.0,#Div0,#Div0
physical,0,2,0,6,0.0,#Div0,#Div0
irresponsible,0,1,0,1,0.0,#Div0,#Div0
taking,0,0,3,3,#Div0,0.0,#Div0
diffused,0,0,2,2,#Div0,0.0,#Div0
rejected,0,0,1,1,#Div0,0.0,#Div0
available,3,1,0,6,0.75,1.0,0.8571428571428571
additional,0,1,0,1,0.0,#Div0,#Div0
taste,0,0,2,2,#Div0,0.0,#Div0
phase,0,0,2,2,#Div0,0.0,#Div0
aspects,0,0,1,1,#Div0,0.0,#Div0
vegetable,0,0,0,1,#Div0,#Div0,#Div0
optimistic,0,0,0,1,#Div0,#Div0,#Div0
develop,0,0,5,5,#Div0,0.0,#Div0
precious,1,1,0,2,0.5,1.0,0.6666666666666666
thi,0,0,0,1,#Div0,#Div0,#Div0
playing,0,0,2,2,#Div0,0.0,#Div0
growth,0,0,2,2,#Div0,0.0,#Div0
add,0,0,2,2,#Div0,0.0,#Div0
strictly,0,0,1,1,#Div0,0.0,#Div0
educated,0,1,0,1,0.0,#Div0,#Div0
imposible,0,1,0,1,0.0,#Div0,#Div0
learn,0,0,0,2,#Div0,#Div0,#Div0
Lonely,0,1,0,1,0.0,#Div0,#Div0
supported,0,0,4,4,#Div0,0.0,#Div0
colder,0,0,1,1,#Div0,0.0,#Div0
sixty,0,1,0,1,0.0,#Div0,#Div0
angles,0,0,1,1,#Div0,0.0,#Div0
isolte,0,0,1,1,#Div0,0.0,#Div0
restriction,0,0,1,1,#Div0,0.0,#Div0
see,0,0,3,3,#Div0,0.0,#Div0
boring,0,2,0,2,0.0,#Div0,#Div0
forty,0,0,0,1,#Div0,#Div0,#Div0
logical,0,1,0,1,0.0,#Div0,#Div0
reasonable,0,1,0,1,0.0,#Div0,#Div0
guided,0,4,0,4,0.0,#Div0,#Div0
digital,0,0,0,1,#Div0,#Div0,#Div0
encourages,0,0,1,1,#Div0,0.0,#Div0
testing,0,1,0,1,0.0,#Div0,#Div0
last,0,8,1,9,0.0,0.0,#Div0
spent,0,0,3,3,#Div0,0.0,#Div0
south,0,0,0,1,#Div0,#Div0,#Div0
aspect,0,0,2,2,#Div0,0.0,#Div0
crowded,0,1,0,1,0.0,#Div0,#Div0
tour,0,17,0,20,0.0,#Div0,#Div0
famous,0,10,0,10,0.0,#Div0,#Div0
hold,0,0,2,2,#Div0,0.0,#Div0
revolution,0,0,1,1,#Div0,0.0,#Div0
convincing,0,2,0,2,0.0,#Div0,#Div0
chinese,0,2,0,4,0.0,#Div0,#Div0
make,0,0,1,1,#Div0,0.0,#Div0
comes,0,0,1,1,#Div0,0.0,#Div0
level,0,0,3,3,#Div0,0.0,#Div0
math,0,1,0,1,0.0,#Div0,#Div0
competing,0,0,2,2,#Div0,0.0,#Div0
certain,0,19,0,19,0.0,#Div0,#Div0
breaking,0,0,1,1,#Div0,0.0,#Div0
has,0,0,3,3,#Div0,0.0,#Div0
courage,0,0,1,1,#Div0,0.0,#Div0
roots,0,0,1,1,#Div0,0.0,#Div0
political,0,3,0,4,0.0,#Div0,#Div0
tough,0,0,1,3,#Div0,0.0,#Div0
look,0,0,4,4,#Div0,0.0,#Div0
competitive,0,1,0,1,0.0,#Div0,#Div0
economic,0,4,0,6,0.0,#Div0,#Div0
fruitful,1,0,1,2,1.0,0.5,0.6666666666666666
senior,0,2,0,2,0.0,#Div0,#Div0
shoulders,0,0,2,2,#Div0,0.0,#Div0
potentials,0,0,1,1,#Div0,0.0,#Div0
complex,0,0,0,1,#Div0,#Div0,#Div0
powerful,1,0,0,1,1.0,1.0,1.0
responds,0,0,1,1,#Div0,0.0,#Div0
enlargement,0,0,1,1,#Div0,0.0,#Div0
native,0,1,0,1,0.0,#Div0,#Div0
short,0,10,0,10,0.0,#Div0,#Div0
close,0,0,3,3,#Div0,0.0,#Div0
recent,0,0,0,1,#Div0,#Div0,#Div0
appriciate,0,0,1,1,#Div0,0.0,#Div0
well-made,0,1,0,1,0.0,#Div0,#Div0
hiding,0,0,1,1,#Div0,0.0,#Div0
enough,0,30,0,36,0.0,#Div0,#Div0
ways,0,0,1,1,#Div0,0.0,#Div0
dispose,0,0,1,1,#Div0,0.0,#Div0
practicable,0,0,0,1,#Div0,#Div0,#Div0
boundaries,0,0,1,1,#Div0,0.0,#Div0
ordinary,0,1,0,1,0.0,#Div0,#Div0
marine,0,0,0,1,#Div0,#Div0,#Div0
take,0,0,13,13,#Div0,0.0,#Div0
portable,0,1,0,1,0.0,#Div0,#Div0
attact,0,0,1,1,#Div0,0.0,#Div0
conduct,0,0,1,1,#Div0,0.0,#Div0
meaninngless,0,0,1,1,#Div0,0.0,#Div0
blend,0,0,1,1,#Div0,0.0,#Div0
main,0,4,0,17,0.0,#Div0,#Div0
prospective,0,1,0,1,0.0,#Div0,#Div0
intresting,0,1,0,1,0.0,#Div0,#Div0
door,0,0,1,1,#Div0,0.0,#Div0
simultaneous,0,1,0,1,0.0,#Div0,#Div0
affective,0,1,0,1,0.0,#Div0,#Div0
fundamental,1,0,0,1,1.0,1.0,1.0
run,0,0,6,6,#Div0,0.0,#Div0
range,0,0,1,1,#Div0,0.0,#Div0
spend,1,1,25,27,0.5,0.038461538461538464,0.07142857142857144
keep-it-safe,0,0,1,1,#Div0,0.0,#Div0
negative,0,9,0,9,0.0,#Div0,#Div0
virtual,0,1,0,1,0.0,#Div0,#Div0
broad,3,0,92,95,1.0,0.031578947368421054,0.061224489795918366
advantages,0,0,1,1,#Div0,0.0,#Div0
meaning,0,1,0,1,0.0,#Div0,#Div0
unique,0,1,0,1,0.0,#Div0,#Div0
availible,0,0,1,1,#Div0,0.0,#Div0
forget,0,0,1,1,#Div0,0.0,#Div0
cram,0,1,0,1,0.0,#Div0,#Div0
known,0,1,0,1,0.0,#Div0,#Div0
radical,0,3,0,3,0.0,#Div0,#Div0
handy,0,0,1,1,#Div0,0.0,#Div0
ecology,0,1,0,1,0.0,#Div0,#Div0
strong,6,0,17,24,1.0,0.2608695652173913,0.41379310344827586
keep,0,0,6,6,#Div0,0.0,#Div0
access,0,0,1,1,#Div0,0.0,#Div0
equal,0,1,0,1,0.0,#Div0,#Div0
instruments,0,0,1,1,#Div0,0.0,#Div0
offer,0,0,3,3,#Div0,0.0,#Div0
era,0,0,3,3,#Div0,0.0,#Div0
black,0,0,0,1,#Div0,#Div0,#Div0
given,0,0,1,1,#Div0,0.0,#Div0
illiterate,0,1,0,1,0.0,#Div0,#Div0
insure,0,0,1,1,#Div0,0.0,#Div0
Reaching,0,0,1,1,#Div0,0.0,#Div0
Intelligent,0,1,0,1,0.0,#Div0,#Div0
relying,0,0,1,1,#Div0,0.0,#Div0
intelligent,0,2,0,2,0.0,#Div0,#Div0
through,0,0,3,3,#Div0,0.0,#Div0
defined,1,0,0,1,1.0,1.0,1.0
exact,0,0,0,1,#Div0,#Div0,#Div0
solar,0,0,0,1,#Div0,#Div0,#Div0
twenty,0,0,0,9,#Div0,#Div0,#Div0
passive,0,0,1,1,#Div0,0.0,#Div0
unsatisfied,0,1,0,1,0.0,#Div0,#Div0
